Date,Price,Open,High,Low,Vol.,Change %,T+,range,TR
2019-01-01 00:00:00,3809.4,"3,709.50",3814.3,3664.4,469.11K,2.69,True,149.9000000000001,149.9000000000001
2019-01-02 00:00:00,3873.8,"3,809.70",3894.8,3768.1,554.47K,1.69,True,126.70000000000027,126.70000000000027
2019-01-03 00:00:00,3780.1,"3,874.10",3875.8,3753.0,450.32K,-2.42,False,122.80000000000018,122.80000000000018
2019-01-04 00:00:00,3802.7,"3,780.50",3823.9,3720.0,488.70K,0.6,True,103.90000000000009,103.90000000000009
2019-01-05 00:00:00,3785.4,"3,802.80",3846.7,3769.0,468.45K,-0.46,False,77.69999999999982,77.69999999999982
2019-01-06 00:00:00,4004.1,"3,785.70",4034.1,3758.5,529.89K,5.78,True,275.5999999999999,275.5999999999999
2019-01-07 00:00:00,3985.9,"4,004.30",4028.0,3945.5,500.88K,-0.45,False,82.5,82.5
2019-01-08 00:00:00,3971.0,"3,985.80",4070.5,3943.1,514.08K,-0.37,False,127.40000000000009,127.40000000000009
2019-01-09 00:00:00,3978.0,"3,971.00",4014.2,3957.5,473.42K,0.17,True,56.69999999999982,56.69999999999982
2019-01-10 00:00:00,3603.7,"3,978.90",4007.7,3562.1,697.31K,-9.41,False,445.5999999999999,445.5999999999999
2019-01-11 00:00:00,3616.5,"3,603.30",3655.7,3563.1,551.64K,0.35,True,92.59999999999991,92.59999999999991
2019-01-12 00:00:00,3597.2,"3,616.60",3633.9,3561.3,435.06K,-0.53,False,72.59999999999991,72.59999999999991
2019-01-13 00:00:00,3490.2,"3,597.30",3617.6,3473.2,452.79K,-2.98,False,144.4000000000001,144.4000000000001
2019-01-14 00:00:00,3638.1,"3,490.40",3672.0,3490.4,539.93K,4.24,True,181.5999999999999,181.80000000000018
2019-01-15 00:00:00,3571.3,"3,637.50",3660.8,3545.7,544.85K,-1.84,False,115.10000000000036,115.10000000000036
2019-01-16 00:00:00,3588.0,"3,570.60",3644.1,3561.4,487.34K,0.47,True,82.69999999999982,82.69999999999982
2019-01-17 00:00:00,3626.4,"3,588.10",3636.7,3554.8,525.10K,1.07,True,81.89999999999964,81.89999999999964
2019-01-18 00:00:00,3605.6,"3,626.30",3627.9,3575.7,488.16K,-0.57,False,52.20000000000027,52.20000000000027
2019-01-19 00:00:00,3677.8,"3,605.80",3715.2,3604.1,537.06K,2.0,True,111.09999999999991,111.09999999999991
2019-01-20 00:00:00,3542.3,"3,676.20",3699.1,3503.9,563.31K,-3.68,False,195.19999999999982,195.19999999999982
2019-01-21 00:00:00,3536.7,"3,542.70",3561.4,3505.4,394.17K,-0.16,False,56.0,56.0
2019-01-22 00:00:00,3580.1,"3,536.90",3607.9,3465.2,447.70K,1.23,True,142.70000000000027,142.70000000000027
2019-01-23 00:00:00,3561.5,"3,580.10",3608.3,3532.8,445.87K,-0.52,False,75.5,75.5
2019-01-24 00:00:00,3574.3,"3,561.40",3587.0,3539.7,428.60K,0.36,True,47.30000000000018,47.30000000000018
2019-01-25 00:00:00,3572.0,"3,574.30",3582.6,3542.2,448.89K,-0.06,False,40.40000000000009,40.40000000000009
2019-01-26 00:00:00,3570.9,"3,572.00",3652.5,3556.1,432.55K,-0.03,False,96.40000000000009,96.40000000000009
2019-01-27 00:00:00,3555.6,"3,570.90",3583.2,3509.2,464.02K,-0.43,False,74.0,74.0
2019-01-28 00:00:00,3442.8,"3,555.80",3561.2,3395.7,620.85K,-3.17,False,165.5,165.5
2019-01-29 00:00:00,3414.8,"3,442.80",3450.1,3368.2,585.46K,-0.81,False,81.90000000000009,81.90000000000009
2019-01-30 00:00:00,3460.0,"3,414.60",3479.0,3394.2,600.25K,1.32,True,84.80000000000018,84.80000000000018
2019-01-31 00:00:00,3437.2,"3,460.00",3484.7,3427.0,477.07K,-0.66,False,57.69999999999982,57.69999999999982
2019-02-01 00:00:00,3467.9,"3,437.70",3485.7,3415.3,481.58K,0.9,True,70.39999999999964,70.39999999999964
2019-02-02 00:00:00,3502.5,"3,467.90",3514.5,3447.8,443.60K,1.0,True,66.69999999999982,66.69999999999982
2019-02-03 00:00:00,3459.1,"3,502.30",3507.8,3431.3,451.66K,-1.24,False,76.5,76.5
2019-02-04 00:00:00,3462.8,"3,459.00",3479.7,3437.1,503.92K,0.11,True,42.59999999999991,42.59999999999991
2019-02-05 00:00:00,3468.4,"3,463.00",3485.9,3450.3,460.95K,0.16,True,35.59999999999991,35.59999999999991
2019-02-06 00:00:00,3404.3,"3,468.50",3478.0,3383.9,514.21K,-1.85,False,94.09999999999991,94.09999999999991
2019-02-07 00:00:00,3397.7,"3,404.90",3421.8,3390.3,471.36K,-0.2,False,31.5,31.5
2019-02-08 00:00:00,3661.7,"3,397.30",3721.1,3382.5,699.23K,7.77,True,338.5999999999999,338.5999999999999
2019-02-09 00:00:00,3661.4,"3,661.60",3675.3,3633.2,454.80K,-0.01,False,42.100000000000364,42.100000000000364
2019-02-10 00:00:00,3679.0,"3,661.00",3680.6,3617.1,501.90K,0.48,True,63.5,63.5
2019-02-11 00:00:00,3631.8,"3,678.80",3681.1,3623.8,517.28K,-1.28,False,57.29999999999973,57.29999999999973
2019-02-12 00:00:00,3632.0,"3,631.80",3656.4,3594.4,545.82K,0.01,True,62.0,62.0
2019-02-13 00:00:00,3611.5,"3,632.00",3663.5,3599.2,558.02K,-0.56,False,64.30000000000018,64.30000000000018
2019-02-14 00:00:00,3592.6,"3,611.50",3624.5,3580.2,498.14K,-0.52,False,44.30000000000018,44.30000000000018
2019-02-15 00:00:00,3604.7,"3,592.60",3648.3,3581.4,516.21K,0.34,True,66.90000000000009,66.90000000000009
2019-02-16 00:00:00,3616.8,"3,604.70",3641.9,3599.7,485.63K,0.34,True,42.20000000000027,42.20000000000027
2019-02-17 00:00:00,3664.2,"3,616.80",3689.9,3607.9,580.51K,1.31,True,82.0,82.0
2019-02-18 00:00:00,3896.0,"3,664.20",3903.7,3655.1,933.15K,6.33,True,248.5999999999999,248.5999999999999
2019-02-19 00:00:00,3914.3,"3,896.40",3993.8,3863.7,1.44M,0.47,True,130.10000000000036,130.10000000000036
2019-02-20 00:00:00,3972.4,"3,914.30",3983.6,3881.2,698.01K,1.48,True,102.40000000000009,102.40000000000009
2019-02-21 00:00:00,3936.6,"3,972.00",4011.5,3909.2,668.16K,-0.9,False,102.30000000000018,102.30000000000018
2019-02-22 00:00:00,3965.2,"3,937.40",3983.1,3931.7,649.55K,0.73,True,51.40000000000009,51.40000000000009
2019-02-23 00:00:00,4120.4,"3,965.20",4152.6,3939.4,727.85K,3.91,True,213.20000000000027,213.20000000000027
2019-02-24 00:00:00,3755.2,"4,120.50",4194.2,3738.7,977.78K,-8.86,False,455.5,455.5
2019-02-25 00:00:00,3833.7,"3,755.70",3870.7,3753.8,765.87K,2.09,True,116.89999999999964,116.89999999999964
2019-02-26 00:00:00,3810.3,"3,833.50",3845.5,3775.0,2.09M,-0.61,False,70.5,70.5
2019-02-27 00:00:00,3814.6,"3,810.30",3836.4,3701.9,2.82M,0.11,True,134.5,134.5
2019-02-28 00:00:00,3816.6,"3,814.60",3883.7,3783.3,2.31M,0.05,True,100.39999999999964,100.39999999999964
2019-03-01 00:00:00,3821.9,"3,816.70",3855.8,3816.4,1.74M,0.14,True,39.40000000000009,39.40000000000009
2019-03-02 00:00:00,3823.1,"3,821.90",3843.2,3783.6,1.61M,0.03,True,59.59999999999991,59.59999999999991
2019-03-03 00:00:00,3809.5,"3,823.20",3836.6,3789.7,1.51M,-0.36,False,46.90000000000009,46.90000000000009
2019-03-04 00:00:00,3715.9,"3,809.70",3828.4,3681.8,2.85M,-2.45,False,146.5999999999999,146.5999999999999
2019-03-05 00:00:00,3857.2,"3,715.90",3873.2,3705.7,3.82M,3.8,True,167.5,167.5
2019-03-06 00:00:00,3863.0,"3,857.20",3887.3,3816.7,2.52M,0.15,True,70.60000000000036,70.60000000000036
2019-03-07 00:00:00,3875.1,"3,863.10",3907.4,3847.9,2.60M,0.32,True,59.5,59.5
2019-03-08 00:00:00,3865.9,"3,875.10",3929.0,3810.7,2.96M,-0.24,False,118.30000000000018,118.30000000000018
2019-03-09 00:00:00,3944.3,"3,865.60",3964.0,3859.7,2.48M,2.03,True,104.30000000000018,104.30000000000018
2019-03-10 00:00:00,3915.2,"3,944.40",3944.5,3889.2,1.89M,-0.74,False,55.30000000000018,55.30000000000018
2019-03-11 00:00:00,3870.3,"3,915.20",3935.5,3842.4,3.19M,-1.15,False,93.09999999999991,93.09999999999991
2019-03-12 00:00:00,3886.0,"3,870.30",3900.1,3817.1,2.90M,0.41,True,83.0,83.0
2019-03-13 00:00:00,3865.1,"3,885.90",3894.7,3847.4,2.28M,-0.54,False,47.29999999999973,47.29999999999973
2019-03-14 00:00:00,3879.0,"3,865.10",3914.7,3828.4,2.86M,0.36,True,86.29999999999973,86.29999999999973
2019-03-15 00:00:00,3924.3,"3,879.00",3935.7,3874.8,3.11M,1.17,True,60.899999999999636,60.899999999999636
2019-03-16 00:00:00,4006.4,"3,924.40",4050.6,3923.7,3.46M,2.09,True,126.90000000000009,126.90000000000009
2019-03-17 00:00:00,3981.5,"4,006.40",4009.8,3956.3,1.87M,-0.62,False,53.5,53.5
2019-03-18 00:00:00,3990.2,"3,981.50",4032.3,3958.5,2.62M,0.22,True,73.80000000000018,73.80000000000018
2019-03-19 00:00:00,4017.0,"3,990.20",4029.9,3972.4,2.99M,0.67,True,57.5,57.5
2019-03-20 00:00:00,4041.2,"4,017.00",4050.0,3985.3,3.18M,0.6,True,64.69999999999982,64.69999999999982
2019-03-21 00:00:00,3982.2,"4,041.20",4064.0,3923.8,3.88M,-1.46,False,140.19999999999982,140.19999999999982
2019-03-22 00:00:00,3990.4,"3,982.20",4005.7,3971.8,2.83M,0.21,True,33.899999999999636,33.899999999999636
2019-03-23 00:00:00,4002.5,"3,990.40",4018.2,3980.8,2.00M,0.3,True,37.399999999999636,37.399999999999636
2019-03-24 00:00:00,3994.7,"4,002.60",4005.7,3967.0,2.04M,-0.2,False,38.69999999999982,38.69999999999982
2019-03-25 00:00:00,3937.0,"3,994.80",4000.5,3897.9,2.86M,-1.44,False,102.59999999999991,102.59999999999991
2019-03-26 00:00:00,3942.8,"3,937.10",3950.7,3899.9,2.53M,0.15,True,50.79999999999973,50.79999999999973
2019-03-27 00:00:00,4041.7,"3,942.80",4043.3,3936.2,2.78M,2.51,True,107.10000000000036,107.10000000000036
2019-03-28 00:00:00,4025.6,"4,041.70",4041.7,4008.4,2.11M,-0.4,False,33.29999999999973,33.29999999999973
2019-03-29 00:00:00,4102.2,"4,025.70",4123.1,4022.6,3.30M,1.9,True,100.50000000000045,100.50000000000045
2019-03-30 00:00:00,4111.8,"4,103.70",4138.1,4057.1,2.55M,0.23,True,81.00000000000045,81.00000000000045
2019-03-31 00:00:00,4102.3,"4,111.80",4121.9,4082.2,2.43M,-0.23,False,39.69999999999982,39.69999999999982
2019-04-01 00:00:00,4145.1,"4,102.30",4159.1,4076.8,3.22M,1.04,True,82.30000000000018,82.30000000000018
2019-04-02 00:00:00,4859.3,"4,145.10",4899.6,4143.5,14.77M,17.23,True,756.1000000000004,756.1000000000004
2019-04-03 00:00:00,4968.7,"4,859.30",5278.4,4814.0,13.83M,2.25,True,464.39999999999964,464.39999999999964
2019-04-04 00:00:00,4902.4,"4,968.70",5042.5,4789.2,1.05M,-1.33,False,253.30000000000018,253.30000000000018
2019-04-05 00:00:00,5010.2,"4,902.50",5029.4,4888.3,851.72K,2.2,True,141.09999999999945,141.09999999999945
2019-04-06 00:00:00,5046.2,"5,010.00",5198.4,4947.9,952.18K,0.72,True,250.5,250.5
2019-04-07 00:00:00,5173.6,"5,046.10",5219.5,5033.7,841.27K,2.53,True,185.80000000000018,185.80000000000018
2019-04-08 00:00:00,5245.2,"5,173.50",5300.6,5060.5,928.23K,1.38,True,240.10000000000036,240.10000000000036
2019-04-09 00:00:00,5158.4,"5,245.00",5245.9,5095.2,784.62K,-1.65,False,150.69999999999982,150.69999999999982
2019-04-10 00:00:00,5307.8,"5,158.40",5404.1,5142.9,837.51K,2.89,True,261.2000000000007,261.2000000000007
2019-04-11 00:00:00,5022.6,"5,307.70",5337.0,4948.0,943.49K,-5.37,False,389.0,389.0
2019-04-12 00:00:00,5054.2,"5,022.70",5080.5,4889.2,779.14K,0.63,True,191.30000000000018,191.30000000000018
2019-04-13 00:00:00,5051.8,"5,054.20",5093.4,5011.6,577.16K,-0.05,False,81.79999999999927,81.79999999999927
2019-04-14 00:00:00,5134.8,"5,052.00",5153.5,5010.7,566.38K,1.64,True,142.80000000000018,142.80000000000018
2019-04-15 00:00:00,5032.3,"5,135.10",5168.0,4964.2,688.20K,-2.0,False,203.80000000000018,203.80000000000018
2019-04-16 00:00:00,5180.9,"5,031.40",5198.4,5014.4,631.05K,2.95,True,184.0,184.0
2019-04-17 00:00:00,5208.3,"5,182.10",5230.9,5165.5,806.52K,0.53,True,65.39999999999964,65.39999999999964
2019-04-18 00:00:00,5264.7,"5,208.30",5293.1,5205.0,727.97K,1.08,True,88.10000000000036,88.10000000000036
2019-04-19 00:00:00,5241.0,"5,264.80",5282.4,5192.1,787.09K,-0.45,False,90.29999999999927,90.29999999999927
2019-04-20 00:00:00,5290.2,"5,241.00",5327.0,5240.2,782.32K,0.94,True,86.80000000000018,86.80000000000018
2019-04-21 00:00:00,5243.5,"5,290.20",5308.2,5189.8,811.41K,-0.88,False,118.39999999999964,118.39999999999964
2019-04-22 00:00:00,5346.7,"5,248.20",5370.2,5170.2,920.77K,1.97,True,200.0,200.0
2019-04-23 00:00:00,5511.6,"5,346.50",5594.4,5291.4,900.00K,3.08,True,303.0,303.0
2019-04-24 00:00:00,5415.6,"5,511.20",5589.6,5346.8,994.04K,-1.74,False,242.80000000000018,242.80000000000018
2019-04-25 00:00:00,5209.1,"5,415.60",5528.2,5137.4,955.36K,-3.81,False,390.8000000000002,390.8000000000002
2019-04-26 00:00:00,5298.3,"5,209.20",5469.3,5159.3,1.03M,1.71,True,310.0,310.0
2019-04-27 00:00:00,5265.9,"5,298.20",5318.1,5225.4,833.13K,-0.61,False,92.70000000000073,92.70000000000073
2019-04-28 00:00:00,5302.3,"5,265.70",5332.5,5234.4,681.41K,0.69,True,98.10000000000036,98.10000000000036
2019-04-29 00:00:00,5235.0,"5,302.40",5322.9,5188.9,775.82K,-1.27,False,134.0,134.0
2019-04-30 00:00:00,5320.8,"5,235.40",5336.6,5195.9,697.42K,1.64,True,140.70000000000073,140.70000000000073
2019-05-01 00:00:00,5384.2,"5,321.10",5396.3,5319.5,623.64K,1.19,True,76.80000000000018,76.80000000000018
2019-05-02 00:00:00,5493.8,"5,384.60",5530.8,5370.0,722.23K,2.04,True,160.80000000000018,160.80000000000018
2019-05-03 00:00:00,5766.8,"5,493.60",5844.2,5478.7,1.04M,4.97,True,365.5,365.5
2019-05-04 00:00:00,5830.9,"5,768.00",5899.2,5605.0,920.61K,1.11,True,294.1999999999998,294.1999999999998
2019-05-05 00:00:00,5774.9,"5,830.80",5838.2,5708.2,709.02K,-0.96,False,130.0,130.0
2019-05-06 00:00:00,5745.1,"5,775.10",5801.4,5630.5,755.39K,-0.52,False,170.89999999999964,170.89999999999964
2019-05-07 00:00:00,5849.5,"5,745.50",6019.8,5745.5,955.88K,1.82,True,274.3000000000002,274.6999999999998
2019-05-08 00:00:00,5990.3,"5,849.40",6011.3,5799.1,757.13K,2.41,True,212.19999999999982,212.19999999999982
2019-05-09 00:00:00,6191.5,"5,990.50",6206.0,5990.0,799.96K,3.36,True,216.0,216.0
2019-05-10 00:00:00,6386.0,"6,194.30",6466.6,6157.8,907.94K,3.14,True,308.8000000000002,308.8000000000002
2019-05-11 00:00:00,7190.3,"6,386.60",7373.8,6386.5,1.31M,12.59,True,987.3000000000002,987.8000000000002
2019-05-12 00:00:00,6984.8,"7,190.00",7518.9,6802.6,1.35M,-2.86,False,716.2999999999993,716.2999999999993
2019-05-13 00:00:00,7806.0,"6,984.70",8058.3,6893.1,1.20M,11.76,True,1165.1999999999998,1165.1999999999998
2019-05-14 00:00:00,7994.6,"7,806.40",8323.9,7674.0,1.33M,2.42,True,649.8999999999996,649.8999999999996
2019-05-15 00:00:00,8164.6,"7,994.80",8225.3,7856.5,1.13M,2.13,True,368.7999999999993,368.7999999999993
2019-05-16 00:00:00,7871.8,"8,164.80",8293.3,7720.4,1.18M,-3.59,False,572.8999999999996,572.8999999999996
2019-05-17 00:00:00,7359.5,"7,871.90",7924.0,6998.6,1.43M,-6.51,False,925.3999999999996,925.3999999999996
2019-05-18 00:00:00,7262.6,"7,359.90",7458.5,7189.4,865.53K,-1.32,False,269.10000000000036,269.10000000000036
2019-05-19 00:00:00,8157.2,"7,261.90",8253.4,7252.3,1.08M,12.32,True,1001.0999999999995,1001.0999999999995
2019-05-20 00:00:00,7965.3,"8,156.40",8156.4,7604.0,958.81K,-2.35,False,552.3999999999996,553.1999999999998
2019-05-21 00:00:00,7930.3,"7,965.00",8056.8,7813.2,804.88K,-0.44,False,243.60000000000036,243.60000000000036
2019-05-22 00:00:00,7635.7,"7,928.70",7999.0,7545.9,821.40K,-3.72,False,453.10000000000036,453.10000000000036
2019-05-23 00:00:00,7852.1,"7,637.20",7939.1,7486.8,815.14K,2.83,True,452.3000000000002,452.3000000000002
2019-05-24 00:00:00,7970.1,"7,852.80",8124.1,7775.4,868.47K,1.5,True,348.7000000000007,348.7000000000007
2019-05-25 00:00:00,8027.4,"7,971.40",8090.1,7919.1,691.27K,0.72,True,171.0,171.0
2019-05-26 00:00:00,8630.2,"8,029.60",8718.6,7866.5,872.12K,7.51,True,852.1000000000004,852.1000000000004
2019-05-27 00:00:00,8760.1,"8,628.90",8902.8,8607.3,907.96K,1.51,True,295.5,295.5
2019-05-28 00:00:00,8716.3,"8,759.40",8794.1,8568.8,763.20K,-0.5,False,225.3000000000011,225.3000000000011
2019-05-29 00:00:00,8647.8,"8,715.60",8747.2,8435.3,15.43M,-0.79,False,311.90000000000146,311.90000000000146
2019-05-30 00:00:00,8271.9,"8,647.80",9045.9,8054.7,1.04M,-4.35,False,991.1999999999998,991.1999999999998
2019-05-31 00:00:00,8558.3,"8,271.40",8578.8,8135.0,858.41K,3.46,True,443.7999999999993,443.7999999999993
2019-06-01 00:00:00,8545.7,"8,556.90",8615.8,8454.0,686.75K,-0.15,False,161.79999999999927,161.79999999999927
2019-06-02 00:00:00,8728.6,"8,545.80",8807.7,8534.8,614.54K,2.14,True,272.90000000000146,272.90000000000146
2019-06-03 00:00:00,8124.8,"8,728.60",8734.9,8102.7,739.45K,-6.92,False,632.1999999999998,632.1999999999998
2019-06-04 00:00:00,7685.5,"8,118.10",8118.1,7494.0,966.95K,-5.41,False,624.1000000000004,630.8000000000002
2019-06-05 00:00:00,7779.1,"7,685.60",7885.0,7590.4,762.94K,1.22,True,294.60000000000036,294.60000000000036
2019-06-06 00:00:00,7784.9,"7,779.60",7861.4,7480.4,651.82K,0.08,True,381.0,381.0
2019-06-07 00:00:00,7985.2,"7,785.80",8099.4,7749.4,588.87K,2.57,True,350.0,350.0
2019-06-08 00:00:00,7901.4,"7,985.30",8044.4,7770.5,485.81K,-1.05,False,273.89999999999964,273.89999999999964
2019-06-09 00:00:00,7635.0,"7,901.60",7937.5,7516.9,554.48K,-3.37,False,420.60000000000036,420.60000000000036
2019-06-10 00:00:00,7987.8,"7,635.00",8012.8,7523.6,641.38K,4.62,True,489.1999999999998,489.1999999999998
2019-06-11 00:00:00,7888.0,"7,987.80",8010.4,7714.5,579.00K,-1.25,False,295.89999999999964,295.89999999999964
2019-06-12 00:00:00,8133.1,"7,888.00",8198.1,7805.8,607.89K,3.11,True,392.3000000000002,392.3000000000002
2019-06-13 00:00:00,8219.0,"8,132.40",8306.1,8028.6,574.21K,1.06,True,277.5,277.5
2019-06-14 00:00:00,8656.1,"8,218.60",8685.3,8153.2,643.17K,5.32,True,532.0999999999995,532.0999999999995
2019-06-15 00:00:00,8812.5,"8,655.80",8856.7,8582.3,608.69K,1.81,True,274.40000000000146,274.40000000000146
2019-06-16 00:00:00,8962.5,"8,812.20",9332.0,8771.1,849.77K,1.7,True,560.8999999999996,560.8999999999996
2019-06-17 00:00:00,9318.8,"8,961.00",9438.1,8959.8,738.80K,3.98,True,478.3000000000011,478.3000000000011
2019-06-18 00:00:00,9080.6,"9,318.90",9336.1,8962.7,723.17K,-2.56,False,373.39999999999964,373.39999999999964
2019-06-19 00:00:00,9255.4,"9,080.70",9295.1,9044.0,587.57K,1.93,True,251.10000000000036,251.10000000000036
2019-06-20 00:00:00,9517.0,"9,255.00",9583.9,9188.4,693.62K,2.83,True,395.5,395.5
2019-06-21 00:00:00,10179.3,"9,517.70",10184.3,9517.4,769.12K,6.96,True,666.8999999999996,667.2999999999993
2019-06-22 00:00:00,10721.7,"10,178.10",11160.5,10031.3,1.09M,5.33,True,1129.2000000000007,1129.2000000000007
2019-06-23 00:00:00,10897.1,"10,721.50",11361.3,10557.8,683.79K,1.64,True,803.5,803.5
2019-06-24 00:00:00,11046.4,"10,897.30",11114.4,10622.6,566.96K,1.37,True,491.7999999999993,491.7999999999993
2019-06-25 00:00:00,11809.9,"11,046.60",11833.9,11033.7,781.09K,6.91,True,800.1999999999989,800.1999999999989
2019-06-26 00:00:00,13063.8,"11,811.60",13929.8,11747.3,1.48M,10.62,True,2182.5,2182.5
2019-06-27 00:00:00,11287.8,"13,062.40",13422.0,10493.5,1.59M,-13.59,False,2928.5,2928.5
2019-06-28 00:00:00,12409.1,"11,288.40",12461.8,10970.5,1.09M,9.93,True,1491.2999999999993,1491.2999999999993
2019-06-29 00:00:00,11906.5,"12,408.00",12422.9,11490.8,834.62K,-4.05,False,932.1000000000004,932.1000000000004
2019-06-30 00:00:00,10818.6,"11,906.00",12179.3,10765.4,880.77K,-9.14,False,1413.8999999999996,1413.8999999999996
2019-07-01 00:00:00,10616.6,"10,821.40",11254.5,10041.6,1.04M,-1.87,False,1212.8999999999996,1212.8999999999996
2019-07-02 00:00:00,10835.9,"10,615.50",10923.5,9728.5,1.12M,2.07,True,1195.0,1195.0
2019-07-03 00:00:00,11900.8,"10,835.90",11931.8,10835.9,998.73K,9.83,True,1095.8999999999996,1095.8999999999996
2019-07-04 00:00:00,11163.1,"11,899.30",11948.0,11087.1,840.34K,-6.2,False,860.8999999999996,860.8999999999996
2019-07-05 00:00:00,10970.2,"11,159.70",11381.8,10810.3,772.67K,-1.73,False,571.5,571.5
2019-07-06 00:00:00,11268.0,"10,969.80",11650.2,10967.9,688.96K,2.71,True,682.3000000000011,682.3000000000011
2019-07-07 00:00:00,11415.9,"11,267.90",11524.6,11108.1,601.93K,1.31,True,416.5,416.5
2019-07-08 00:00:00,12252.6,"11,415.80",12332.3,11304.8,695.60K,7.33,True,1027.5,1027.5
2019-07-09 00:00:00,12541.5,"12,250.60",12772.9,12111.2,847.84K,2.36,True,661.6999999999989,661.6999999999989
2019-07-10 00:00:00,12110.6,"12,542.80",13134.4,11594.9,1.11M,-3.44,False,1539.5,1539.5
2019-07-11 00:00:00,11342.3,"12,111.60",12111.6,11029.0,943.13K,-6.34,False,1082.6000000000004,1082.6000000000004
2019-07-12 00:00:00,11762.1,"11,343.70",11881.4,11109.8,738.17K,3.7,True,771.6000000000004,771.6000000000004
2019-07-13 00:00:00,11364.9,"11,762.80",11798.4,10839.4,747.71K,-3.38,False,959.0,959.0
2019-07-14 00:00:00,10200.1,"11,364.30",11448.7,10128.9,840.76K,-10.25,False,1319.800000000001,1319.800000000001
2019-07-15 00:00:00,10845.9,"10,199.90",11064.7,9885.4,956.52K,6.33,True,1179.300000000001,1179.300000000001
2019-07-16 00:00:00,9424.8,"10,844.00",11019.5,9375.3,1.05M,-13.1,False,1644.2000000000007,1644.2000000000007
2019-07-17 00:00:00,9723.2,"9,425.10",9983.6,9082.6,1.03M,3.17,True,901.0,901.0
2019-07-18 00:00:00,10651.4,"9,723.10",10787.1,9390.0,974.49K,9.55,True,1397.1000000000004,1397.1000000000004
2019-07-19 00:00:00,10571.5,"10,651.60",10758.4,10160.7,727.79K,-0.75,False,597.6999999999989,597.6999999999989
2019-07-20 00:00:00,10826.7,"10,571.90",11155.6,10462.0,668.94K,2.41,True,693.6000000000004,693.6000000000004
2019-07-21 00:00:00,10714.4,"10,827.00",10883.8,10442.5,562.17K,-1.04,False,441.2999999999993,441.2999999999993
2019-07-22 00:00:00,10412.5,"10,715.10",10806.3,10196.5,591.27K,-2.82,False,609.7999999999993,609.7999999999993
2019-07-23 00:00:00,9888.7,"10,412.80",10414.7,9865.4,663.38K,-5.03,False,549.3000000000011,549.3000000000011
2019-07-24 00:00:00,9804.3,"9,887.20",9945.3,9584.0,639.54K,-0.85,False,361.2999999999993,361.2999999999993
2019-07-25 00:00:00,9945.3,"9,804.70",10203.5,9776.6,545.85K,1.44,True,426.89999999999964,426.89999999999964
2019-07-26 00:00:00,9831.0,"9,945.20",10436.1,9724.2,493.75K,-1.15,False,711.8999999999996,711.8999999999996
2019-07-27 00:00:00,9492.1,"9,830.40",10232.3,9389.1,661.89K,-3.45,False,843.1999999999989,843.1999999999989
2019-07-28 00:00:00,9727.8,"9,491.10",9798.5,9401.1,518.59K,2.48,True,397.39999999999964,397.39999999999964
2019-07-29 00:00:00,9580.9,"9,728.50",9835.4,9502.5,510.90K,-1.51,False,332.89999999999964,332.89999999999964
2019-07-30 00:00:00,9580.7,"9,580.00",9703.0,9483.0,511.51K,0.0,True,220.0,220.0
2019-07-31 00:00:00,10082.0,"9,580.30",10100.0,9562.4,589.84K,5.23,True,537.6000000000004,537.6000000000004
2019-08-01 00:00:00,10380.0,"10,081.90",10459.0,9890.6,608.37K,2.96,True,568.3999999999996,568.3999999999996
2019-08-02 00:00:00,10520.1,"10,380.50",10664.8,10330.5,578.29K,1.35,True,334.2999999999993,334.2999999999993
2019-08-03 00:00:00,10815.7,"10,519.90",10893.6,10504.5,508.75K,2.81,True,389.10000000000036,389.10000000000036
2019-08-04 00:00:00,10934.6,"10,816.10",11017.7,10568.8,585.71K,1.1,True,448.90000000000146,448.90000000000146
2019-08-05 00:00:00,11816.8,"10,934.80",11922.3,10934.8,769.63K,8.07,True,987.5,987.6999999999989
2019-08-06 00:00:00,11480.9,"11,817.60",12291.9,11237.0,807.58K,-2.84,False,1054.8999999999996,1054.8999999999996
2019-08-07 00:00:00,12013.9,"11,481.00",12114.5,11406.4,702.85K,4.64,True,708.1000000000004,708.1000000000004
2019-08-08 00:00:00,12191.6,"12,015.90",12236.6,11727.0,592.15K,1.48,True,509.60000000000036,509.60000000000036
2019-08-09 00:00:00,12089.8,"12,190.00",12225.3,11885.0,558.72K,-0.84,False,340.2999999999993,340.2999999999993
2019-08-10 00:00:00,11314.5,"12,090.50",12185.0,11281.6,570.74K,-6.41,False,903.3999999999996,903.3999999999996
2019-08-11 00:00:00,11517.2,"11,314.60",11728.4,11146.1,435.83K,1.79,True,582.2999999999993,582.2999999999993
2019-08-12 00:00:00,11394.2,"11,505.10",11508.6,11267.3,391.08K,-1.07,False,241.3000000000011,249.90000000000146
2019-08-13 00:00:00,10892.9,"11,395.00",11445.6,10793.2,540.78K,-4.4,False,652.3999999999996,652.3999999999996
2019-08-14 00:00:00,10049.4,"10,894.20",10894.5,9965.5,745.59K,-7.74,False,929.0,929.0
2019-08-15 00:00:00,10303.4,"10,053.30",10448.2,9580.1,930.05K,2.53,True,868.1000000000004,868.1000000000004
2019-08-16 00:00:00,10335.6,"10,300.90",10734.0,9788.6,798.67K,0.31,True,945.3999999999996,945.3999999999996
2019-08-17 00:00:00,10218.1,"10,335.50",10460.7,10016.3,497.77K,-1.14,False,444.40000000000146,444.40000000000146
2019-08-18 00:00:00,10312.7,"10,219.30",10494.9,10086.7,441.11K,0.93,True,408.1999999999989,408.1999999999989
2019-08-19 00:00:00,10910.7,"10,312.80",10923.9,10267.8,519.01K,5.8,True,656.1000000000004,656.1000000000004
2019-08-20 00:00:00,10752.6,"10,911.20",10941.6,10581.0,515.47K,-1.45,False,360.60000000000036,360.60000000000036
2019-08-21 00:00:00,10141.5,"10,753.30",10797.8,9908.0,717.65K,-5.68,False,889.7999999999993,889.7999999999993
2019-08-22 00:00:00,10105.0,"10,141.10",10218.2,9777.0,520.75K,-0.36,False,441.2000000000007,441.2000000000007
2019-08-23 00:00:00,10388.7,"10,104.90",10434.3,9921.4,436.26K,2.81,True,512.8999999999996,512.8999999999996
2019-08-24 00:00:00,10131.0,"10,389.40",10415.9,9917.5,463.85K,-2.48,False,498.39999999999964,498.39999999999964
2019-08-25 00:00:00,10136.3,"10,132.10",10307.0,9935.2,422.53K,0.05,True,371.7999999999993,371.7999999999993
2019-08-26 00:00:00,10371.8,"10,136.00",10568.2,10136.0,568.77K,2.32,True,432.2000000000007,432.2000000000007
2019-08-27 00:00:00,10184.8,"10,372.20",10387.6,10060.2,419.81K,-1.8,False,327.39999999999964,327.39999999999964
2019-08-28 00:00:00,9729.4,"10,184.70",10271.3,9629.6,580.29K,-4.47,False,641.6999999999989,641.6999999999989
2019-08-29 00:00:00,9491.0,"9,729.10",9729.1,9343.0,509.13K,-2.45,False,386.10000000000036,386.39999999999964
2019-08-30 00:00:00,9585.4,"9,494.10",9675.7,9370.2,413.92K,0.99,True,305.5,305.5
2019-08-31 00:00:00,9594.4,"9,585.50",9677.5,9457.3,311.49K,0.09,True,220.20000000000073,220.20000000000073
2019-09-01 00:00:00,9729.3,"9,594.70",9799.5,9533.6,322.66K,1.41,True,265.89999999999964,265.89999999999964
2019-09-02 00:00:00,10348.8,"9,728.80",10431.5,9720.3,542.79K,6.37,True,711.2000000000007,711.2000000000007
2019-09-03 00:00:00,10612.3,"10,348.10",10756.8,10283.5,578.79K,2.55,True,473.2999999999993,473.2999999999993
2019-09-04 00:00:00,10568.2,"10,611.60",10783.6,10388.6,504.45K,-0.42,False,395.0,395.0
2019-09-05 00:00:00,10566.9,"10,567.80",10630.7,10469.9,402.09K,-0.01,False,160.8000000000011,160.8000000000011
2019-09-06 00:00:00,10309.3,"10,566.70",10896.2,10227.4,643.02K,-2.44,False,668.8000000000011,668.8000000000011
2019-09-07 00:00:00,10461.1,"10,306.90",10556.4,10302.3,393.57K,1.47,True,254.10000000000036,254.10000000000036
2019-09-08 00:00:00,10402.8,"10,461.60",10578.0,10266.3,339.73K,-0.56,False,311.7000000000007,311.7000000000007
2019-09-09 00:00:00,10309.0,"10,402.10",10478.0,10095.7,473.76K,-0.9,False,382.2999999999993,382.2999999999993
2019-09-10 00:00:00,10105.4,"10,308.70",10379.8,9970.7,383.22K,-1.98,False,409.09999999999854,409.09999999999854
2019-09-11 00:00:00,10162.5,"10,104.90",10257.5,9908.9,413.06K,0.57,True,348.60000000000036,348.60000000000036
2019-09-12 00:00:00,10415.1,"10,162.40",10447.9,10051.0,413.22K,2.49,True,396.89999999999964,396.89999999999964
2019-09-13 00:00:00,10342.1,"10,415.20",10441.4,10174.1,365.52K,-0.7,False,267.2999999999993,267.2999999999993
2019-09-14 00:00:00,10337.3,"10,342.20",10421.4,10253.7,326.44K,-0.05,False,167.6999999999989,167.6999999999989
2019-09-15 00:00:00,10311.5,"10,337.30",10360.4,10272.0,255.79K,-0.25,False,88.39999999999964,88.39999999999964
2019-09-16 00:00:00,10255.5,"10,311.30",10360.5,10108.5,372.53K,-0.54,False,252.0,252.0
2019-09-17 00:00:00,10195.7,"10,254.60",10273.6,10153.5,321.64K,-0.58,False,120.10000000000036,120.10000000000036
2019-09-18 00:00:00,10164.7,"10,195.70",10257.5,10119.3,318.82K,-0.3,False,138.20000000000073,138.20000000000073
2019-09-19 00:00:00,10250.5,"10,164.60",10297.6,9707.6,542.25K,0.84,True,590.0,590.0
2019-09-20 00:00:00,10172.7,"10,251.50",10279.5,10088.6,362.07K,-0.76,False,190.89999999999964,190.89999999999964
2019-09-21 00:00:00,9993.0,"10,172.80",10177.9,9939.8,326.17K,-1.77,False,238.10000000000036,238.10000000000036
2019-09-22 00:00:00,10031.6,"9,993.00",10075.0,9870.9,337.06K,0.39,True,204.10000000000036,204.10000000000036
2019-09-23 00:00:00,9702.2,"10,031.30",10048.8,9656.3,431.10K,-3.28,False,392.5,392.5
2019-09-24 00:00:00,8513.9,"9,702.70",9793.8,8069.4,933.16K,-12.25,False,1724.3999999999996,1724.3999999999996
2019-09-25 00:00:00,8432.4,"8,512.30",8729.8,8245.1,696.11K,-0.96,False,484.6999999999989,484.6999999999989
2019-09-26 00:00:00,8063.8,"8,432.50",8463.1,7773.6,731.03K,-4.37,False,689.5,689.5
2019-09-27 00:00:00,8184.9,"8,063.80",8257.4,7882.1,561.40K,1.5,True,375.2999999999993,375.2999999999993
2019-09-28 00:00:00,8208.5,"8,184.50",8297.2,8031.1,457.79K,0.29,True,266.10000000000036,266.10000000000036
2019-09-29 00:00:00,8049.1,"8,208.00",8226.8,7922.1,418.48K,-1.94,False,304.6999999999989,304.6999999999989
2019-09-30 00:00:00,8284.3,"8,048.90",8318.5,7749.0,600.26K,2.92,True,569.5,569.5
2019-10-01 00:00:00,8302.7,"8,285.00",8486.2,8187.9,533.95K,0.22,True,298.3000000000011,298.3000000000011
2019-10-02 00:00:00,8364.1,"8,302.70",8374.0,8167.7,405.86K,0.74,True,206.30000000000018,206.30000000000018
2019-10-03 00:00:00,8226.9,"8,363.60",8391.7,8090.1,460.97K,-1.64,False,301.60000000000036,301.60000000000036
2019-10-04 00:00:00,8148.1,"8,227.60",8233.6,8041.4,416.92K,-0.96,False,192.20000000000073,192.20000000000073
2019-10-05 00:00:00,8127.3,"8,148.00",8185.1,8030.6,360.92K,-0.25,False,154.5,154.5
2019-10-06 00:00:00,7881.9,"8,127.30",8145.5,7834.9,448.80K,-3.02,False,310.60000000000036,310.60000000000036
2019-10-07 00:00:00,8198.6,"7,882.60",8293.5,7797.0,604.74K,4.02,True,496.5,496.5
2019-10-08 00:00:00,8182.9,"8,198.50",8323.1,8118.1,469.04K,-0.19,False,205.0,205.0
2019-10-09 00:00:00,8566.7,"8,180.10",8655.9,8122.7,636.43K,4.69,True,533.1999999999998,533.1999999999998
2019-10-10 00:00:00,8562.3,"8,566.80",8638.5,8438.7,511.46K,-0.05,False,199.79999999999927,199.79999999999927
2019-10-11 00:00:00,8267.8,"8,562.20",8751.1,8249.7,667.86K,-3.44,False,501.39999999999964,501.39999999999964
2019-10-12 00:00:00,8304.4,"8,267.60",8394.8,8260.9,424.02K,0.44,True,133.89999999999964,133.89999999999964
2019-10-13 00:00:00,8281.5,"8,304.30",8450.2,8190.6,419.87K,-0.28,False,259.60000000000036,259.60000000000036
2019-10-14 00:00:00,8353.3,"8,281.30",8374.3,8222.2,505.02K,0.87,True,152.09999999999854,152.09999999999854
2019-10-15 00:00:00,8167.2,"8,353.40",8400.2,8139.5,469.73K,-2.23,False,260.7000000000007,260.7000000000007
2019-10-16 00:00:00,8000.4,"8,167.10",8185.9,7929.8,538.92K,-2.04,False,256.09999999999945,256.09999999999945
2019-10-17 00:00:00,8073.3,"8,000.40",8118.2,7944.4,444.95K,0.91,True,173.80000000000018,173.80000000000018
2019-10-18 00:00:00,7948.5,"8,073.30",8116.4,7842.0,505.79K,-1.55,False,274.39999999999964,274.39999999999964
2019-10-19 00:00:00,7957.3,"7,948.30",8060.2,7892.4,428.83K,0.11,True,167.80000000000018,167.80000000000018
2019-10-20 00:00:00,8223.4,"7,957.40",8288.5,7889.6,513.91K,3.34,True,398.89999999999964,398.89999999999964
2019-10-21 00:00:00,8208.2,"8,224.10",8315.3,8155.7,489.40K,-0.18,False,159.59999999999945,159.59999999999945
2019-10-22 00:00:00,8031.4,"8,207.40",8289.1,8017.7,570.39K,-2.15,False,271.40000000000055,271.40000000000055
2019-10-23 00:00:00,7477.0,"8,031.00",8055.0,7329.2,892.08K,-6.9,False,725.8000000000002,725.8000000000002
2019-10-24 00:00:00,7422.7,"7,476.80",7501.5,7366.3,586.49K,-0.73,False,135.19999999999982,135.19999999999982
2019-10-25 00:00:00,8658.3,"7,422.80",8697.7,7404.9,1.18M,16.65,True,1292.800000000001,1292.800000000001
2019-10-26 00:00:00,9230.6,"8,658.40",10540.0,8061.8,1.78M,6.61,True,2478.2,2478.2
2019-10-27 00:00:00,9529.6,"9,230.60",9773.2,9081.0,1.16M,3.24,True,692.2000000000007,692.2000000000007
2019-10-28 00:00:00,9207.2,"9,530.10",9866.9,9202.5,1.04M,-3.38,False,664.3999999999996,664.3999999999996
2019-10-29 00:00:00,9411.3,"9,206.50",9531.3,9125.3,918.48K,2.22,True,406.0,406.0
2019-10-30 00:00:00,9157.9,"9,411.30",9411.3,9018.4,789.73K,-2.69,False,392.89999999999964,392.89999999999964
2019-10-31 00:00:00,9152.6,"9,157.90",9378.9,8959.6,798.93K,-0.06,False,419.2999999999993,419.2999999999993
2019-11-01 00:00:00,9230.1,"9,153.10",9270.4,9057.2,689.65K,0.85,True,213.1999999999989,213.1999999999989
2019-11-02 00:00:00,9300.6,"9,230.30",9356.7,9201.2,570.74K,0.76,True,155.5,155.5
2019-11-03 00:00:00,9198.3,"9,300.50",9359.1,9095.0,536.56K,-1.1,False,264.10000000000036,264.10000000000036
2019-11-04 00:00:00,9396.4,"9,198.70",9500.4,9134.1,681.01K,2.15,True,366.2999999999993,366.2999999999993
2019-11-05 00:00:00,9310.8,"9,396.10",9452.7,9193.9,653.42K,-0.91,False,258.8000000000011,258.8000000000011
2019-11-06 00:00:00,9338.9,"9,311.20",9424.6,9262.7,578.03K,0.3,True,161.89999999999964,161.89999999999964
2019-11-07 00:00:00,9223.5,"9,339.20",9367.0,9130.0,603.54K,-1.24,False,237.0,237.0
2019-11-08 00:00:00,8778.2,"9,223.60",9254.8,8722.4,791.79K,-4.83,False,532.3999999999996,532.3999999999996
2019-11-09 00:00:00,8804.5,"8,778.10",8877.5,8746.9,512.02K,0.3,True,130.60000000000036,130.60000000000036
2019-11-10 00:00:00,9036.8,"8,804.70",9092.9,8763.5,581.57K,2.64,True,329.39999999999964,329.39999999999964
2019-11-11 00:00:00,8736.9,"9,036.90",9066.4,8649.4,601.16K,-3.32,False,417.0,417.0
2019-11-12 00:00:00,8812.6,"8,737.40",8841.2,8615.7,575.16K,0.87,True,225.5,225.5
2019-11-13 00:00:00,8783.1,"8,813.20",8829.7,8721.1,454.33K,-0.33,False,108.60000000000036,108.60000000000036
2019-11-14 00:00:00,8661.2,"8,782.90",8799.8,8615.8,515.43K,-1.39,False,184.0,184.0
2019-11-15 00:00:00,8476.3,"8,660.80",8761.8,8437.1,653.71K,-2.13,False,324.6999999999989,324.6999999999989
2019-11-16 00:00:00,8497.3,"8,476.20",8532.8,8450.7,471.16K,0.25,True,82.09999999999854,82.09999999999854
2019-11-17 00:00:00,8509.8,"8,497.40",8631.7,8413.0,531.22K,0.15,True,218.70000000000073,218.70000000000073
2019-11-18 00:00:00,8208.4,"8,510.30",8516.3,8110.4,692.60K,-3.54,False,405.89999999999964,405.89999999999964
2019-11-19 00:00:00,8145.7,"8,207.70",8245.6,8032.8,654.27K,-0.76,False,212.80000000000018,212.80000000000018
2019-11-20 00:00:00,8099.3,"8,145.70",8223.0,8074.2,607.27K,-0.57,False,148.80000000000018,148.80000000000018
2019-11-21 00:00:00,7627.9,"8,099.40",8129.6,7519.7,891.50K,-5.82,False,609.9000000000005,609.9000000000005
2019-11-22 00:00:00,7272.5,"7,627.90",7700.9,6818.5,1.41M,-4.66,False,882.3999999999996,882.3999999999996
2019-11-23 00:00:00,7324.1,"7,271.60",7342.5,7093.7,783.18K,0.71,True,248.80000000000018,248.80000000000018
2019-11-24 00:00:00,6924.7,"7,325.00",7344.1,6894.9,904.50K,-5.45,False,449.2000000000007,449.2000000000007
2019-11-25 00:00:00,7115.6,"6,924.70",7352.8,6534.8,1.29M,2.76,True,818.0,818.0
2019-11-26 00:00:00,7162.8,"7,115.50",7329.5,7045.1,844.27K,0.66,True,284.39999999999964,284.39999999999964
2019-11-27 00:00:00,7510.6,"7,162.80",7636.9,6875.4,996.49K,4.86,True,761.5,761.5
2019-11-28 00:00:00,7426.7,"7,510.60",7639.5,7380.6,737.58K,-1.12,False,258.89999999999964,258.89999999999964
2019-11-29 00:00:00,7742.7,"7,426.60",7825.3,7412.3,766.71K,4.26,True,413.0,413.0
2019-11-30 00:00:00,7546.6,"7,742.70",7787.7,7472.7,650.60K,-2.53,False,315.0,315.0
2019-12-01 00:00:00,7396.4,"7,546.50",7546.5,7244.4,777.00K,-1.99,False,302.10000000000036,302.2000000000007
2019-12-02 00:00:00,7298.2,"7,395.90",7433.8,7173.6,687.78K,-1.33,False,260.1999999999998,260.1999999999998
2019-12-03 00:00:00,7291.8,"7,298.10",7389.4,7227.1,548.77K,-0.09,False,162.29999999999927,162.29999999999927
2019-12-04 00:00:00,7204.4,"7,291.90",7702.2,7113.6,971.75K,-1.2,False,588.5999999999995,588.5999999999995
2019-12-05 00:00:00,7399.2,"7,204.60",7476.3,7184.0,780.78K,2.7,True,292.3000000000002,292.3000000000002
2019-12-06 00:00:00,7530.8,"7,399.20",7552.1,7329.8,706.10K,1.78,True,222.30000000000018,222.30000000000018
2019-12-07 00:00:00,7510.9,"7,530.40",7595.7,7489.6,557.14K,-0.26,False,106.09999999999945,106.09999999999945
2019-12-08 00:00:00,7524.4,"7,510.80",7576.4,7416.7,499.04K,0.18,True,159.69999999999982,159.69999999999982
2019-12-09 00:00:00,7355.8,"7,524.80",7626.0,7321.6,648.66K,-2.24,False,304.39999999999964,304.39999999999964
2019-12-10 00:00:00,7235.7,"7,356.20",7400.3,7192.1,609.50K,-1.63,False,208.19999999999982,208.19999999999982
2019-12-11 00:00:00,7208.0,"7,235.80",7284.4,7168.8,518.40K,-0.38,False,115.59999999999945,115.59999999999945
2019-12-12 00:00:00,7208.0,"7,208.00",7272.4,7124.6,611.80K,0.0,True,147.79999999999927,147.79999999999927
2019-12-13 00:00:00,7255.2,"7,208.40",7288.0,7200.3,503.49K,0.65,True,87.69999999999982,87.69999999999982
2019-12-14 00:00:00,7080.8,"7,255.20",7267.4,7043.3,524.56K,-2.4,False,224.09999999999945,224.09999999999945
2019-12-15 00:00:00,7128.5,"7,080.80",7175.8,7033.8,492.58K,0.67,True,142.0,142.0
2019-12-16 00:00:00,6903.5,"7,128.50",7153.1,6864.6,689.56K,-3.16,False,288.5,288.5
2019-12-17 00:00:00,6613.3,"6,903.50",6943.5,6575.0,894.55K,-4.2,False,368.5,368.5
2019-12-18 00:00:00,7276.0,"6,613.50",7387.7,6462.2,1.14M,10.02,True,925.5,925.5
2019-12-19 00:00:00,7165.5,"7,276.40",7354.0,7039.3,778.72K,-1.52,False,314.6999999999998,314.6999999999998
2019-12-20 00:00:00,7196.4,"7,165.50",7218.4,7107.7,627.04K,0.43,True,110.69999999999982,110.69999999999982
2019-12-21 00:00:00,7156.2,"7,196.40",7197.6,7129.6,468.74K,-0.56,False,68.0,68.0
2019-12-22 00:00:00,7495.8,"7,156.30",7501.1,7142.0,677.94K,4.74,True,359.10000000000036,359.10000000000036
2019-12-23 00:00:00,7322.8,"7,496.20",7684.0,7276.2,952.16K,-2.31,False,407.8000000000002,407.8000000000002
2019-12-24 00:00:00,7268.3,"7,322.40",7433.2,7185.7,785.54K,-0.74,False,247.5,247.5
2019-12-25 00:00:00,7224.8,"7,268.30",7542.4,7150.9,625.41K,-0.6,False,391.5,391.5
2019-12-26 00:00:00,7210.9,"7,225.00",7414.3,7177.3,795.09K,-0.19,False,237.0,237.0
2019-12-27 00:00:00,7261.7,"7,210.80",7293.8,7128.5,718.07K,0.7,True,165.30000000000018,165.30000000000018
2019-12-28 00:00:00,7321.5,"7,261.90",7375.9,7256.5,610.96K,0.82,True,119.39999999999964,119.39999999999964
2019-12-29 00:00:00,7397.5,"7,321.60",7518.9,7303.0,611.69K,1.04,True,215.89999999999964,215.89999999999964
2019-12-30 00:00:00,7261.8,"7,397.50",7420.9,7244.1,606.11K,-1.84,False,176.79999999999927,176.79999999999927
2019-12-31 00:00:00,7196.4,"7,261.50",7331.0,7167.4,586.60K,-0.9,False,163.60000000000036,163.60000000000036
